selection,crossover,mutation,elitism,pinv,uniform_swap,pop,pc,pm,seconds,count,avg_fitness,best_fitness,std_fitness,avg_generations,avg_evaluations
random-two,one-point,bit-flip,4,0,0.5,200,0.9,0.01,2,5,0.904673,0.913569,0.005854,317.80,61676.60
random-two,one-point,bit-flip,4,0,0.5,200,0.9,0.05,2,5,0.688129,0.691776,0.002771,305.40,60058.20
random-two,one-point,bit-flip,4,0,0.5,200,0.9,0.1,2,5,0.671162,0.674333,0.002433,401.20,78835.20
random-two,one-point,bit-flip,4,0,0.5,200,0.9,0.2,2,5,0.656714,0.659169,0.001459,395.20,77659.20
random-two,two-point,bit-flip,0,0,0.5,200,0.9,0.01,2,5,0.779689,0.785170,0.005479,312.40,61838.00
random-two,two-point,bit-flip,4,0,0.5,200,0.9,0.01,2,5,0.920632,0.944167,0.021033,319.60,61990.40
random-two,two-point,bit-flip,4,0,0.5,200,0.9,0.05,2,5,0.686840,0.692427,0.003405,306.80,60332.60
random-two,two-point,bit-flip,4,0,0.5,200,0.9,0.1,2,5,0.671590,0.673595,0.002044,405.00,79580.00
random-two,two-point,bit-flip,4,0,0.5,200,0.9,0.2,2,5,0.657760,0.659109,0.000802,397.60,78129.60
random-two,two-point,scramble,2,0,0.4,200,0.9,0.1,2,5,0.992000,1.000000,0.007276,7391.00,1331765.80
random-two,two-point,scramble,2,0,0.4,200,0.9,0.2,2,5,0.987342,1.000000,0.015503,6515.80,1186979.60
random-two,two-point,scramble,2,0.05,0.4,200,0.9,0.1,2,5,0.999493,1.000000,0.001014,6734.80,1219428.60
random-two,two-point,scramble,2,0.05,0.4,200,0.9,0.2,2,5,0.998389,1.000000,0.003222,5888.40,1077604.00
random-two,uniform,bit-flip,4,0,0.5,200,0.9,0.01,2,5,0.872736,0.892875,0.014266,222.00,43131.60
random-two,uniform,bit-flip,4,0,0.5,200,0.9,0.05,2,5,0.681903,0.685794,0.002820,216.40,42614.40
random-two,uniform,bit-flip,4,0,0.5,200,0.9,0.1,2,5,0.668205,0.670357,0.001708,286.20,56295.20
random-two,uniform,bit-flip,4,0,0.5,200,0.9,0.2,2,5,0.654762,0.659004,0.002419,282.40,55550.40
roulette,one-point,bit-flip,4,0,0.5,200,0.9,0.01,2,5,0.692839,0.698305,0.005393,273.00,52987.40
roulette,one-point,bit-flip,4,0,0.5,200,0.9,0.05,2,5,0.667652,0.674253,0.004050,269.80,53080.60
roulette,one-point,bit-flip,4,0,0.5,200,0.9,0.1,2,5,0.661667,0.669979,0.004891,356.60,70093.60
roulette,one-point,bit-flip,4,0,0.5,200,0.9,0.2,2,5,0.650805,0.653929,0.002246,350.80,68956.80
roulette,two-point,bit-flip,0,0,0.5,200,0.9,0.01,2,5,0.648599,0.652247,0.002105,268.80,53222.60
roulette,two-point,bit-flip,4,0,0.5,200,0.9,0.01,2,5,0.691678,0.697453,0.003634,274.40,53287.80
roulette,two-point,bit-flip,4,0,0.5,200,0.9,0.05,2,5,0.669969,0.676829,0.004583,271.00,53315.80
roulette,two-point,bit-flip,4,0,0.5,200,0.9,0.1,2,5,0.662601,0.664919,0.001979,357.80,70328.80
roulette,two-point,bit-flip,4,0,0.5,200,0.9,0.2,2,5,0.653084,0.654660,0.000895,353.20,69427.20
roulette,uniform,bit-flip,4,0,0.5,200,0.9,0.01,2,5,0.672680,0.675521,0.001631,199.00,38680.80
roulette,uniform,bit-flip,4,0,0.5,200,0.9,0.05,2,5,0.660298,0.661762,0.001529,199.20,39243.20
roulette,uniform,bit-flip,4,0,0.5,200,0.9,0.1,2,5,0.654486,0.657387,0.001583,261.80,51512.80
roulette,uniform,bit-flip,4,0,0.5,200,0.9,0.2,2,5,0.649276,0.651852,0.002086,259.60,51081.60
roulette,uniform,scramble,2,0,0.5,200,0.9,0.1,2,5,0.688503,0.694337,0.006740,621.60,112096.00
roulette,uniform,scramble,2,0.05,0.5,200,0.9,0.1,2,5,0.679100,0.685508,0.007847,612.80,111267.00
roulette,uniform,swap,0,0,0.5,200,0.9,0.2,2,5,0.648297,0.650895,0.002676,622.00,114721.80
tournament,one-point,bit-flip,0,0,0.5,200,0.9,0.01,2,5,0.918070,0.928802,0.012712,314.20,62195.00
tournament,one-point,bit-flip,0,0,0.5,200,0.9,0.2,2,5,0.652712,0.655441,0.001406,387.20,77640.00
tournament,one-point,bit-flip,4,0,0.5,200,0.9,0.01,2,5,0.999461,1.000000,0.001077,320.00,62109.60
tournament,one-point,bit-flip,4,0,0.5,200,0.9,0.05,2,5,0.708437,0.721984,0.007891,306.40,60254.00
tournament,one-point,bit-flip,4,0,0.5,200,0.9,0.1,2,5,0.678818,0.681507,0.001678,388.00,76248.00
tournament,one-point,bit-flip,4,0,0.5,200,0.9,0.2,2,5,0.660320,0.661678,0.001045,395.40,77698.40
tournament,two-point,bit-flip,0,0,0.5,200,0.9,0.01,2,10,0.943531,0.965279,0.013768,316.10,62575.80
tournament,two-point,bit-flip,0,0,0.5,200,0.9,0.2,2,5,0.654032,0.657835,0.002014,390.60,78320.00
tournament,two-point,bit-flip,4,0,0.5,200,0.9,0.01,2,15,0.999586,1.000000,0.000966,320.87,62251.53
tournament,two-point,bit-flip,4,0,0.5,200,0.9,0.05,2,10,0.710583,0.719422,0.005083,308.00,60567.70
tournament,two-point,bit-flip,4,0,0.5,200,0.9,0.1,2,10,0.678321,0.682508,0.002529,353.60,69505.60
tournament,two-point,bit-flip,4,0,0.5,200,0.9,0.2,2,5,0.660281,0.662931,0.001487,397.40,78090.40
tournament,two-point,scramble,4,0,0.5,200,0.9,0.01,2,5,0.775288,0.827364,0.029159,5495.60,970477.60
tournament,two-point,scramble,4,0,0.5,200,0.9,0.05,2,5,0.797278,0.846613,0.037946,5255.20,932384.00
tournament,two-point,scramble,4,0,0.5,200,0.9,0.1,2,5,0.905200,0.988512,0.054438,5063.20,902544.20
tournament,two-point,scramble,4,0,0.5,200,0.9,0.2,2,5,0.981103,1.000000,0.032071,4505.60,812681.20
tournament,two-point,swap,4,0,0.5,200,0.9,0.01,2,5,0.926156,0.979670,0.042374,6017.20,1062591.80
tournament,two-point,swap,4,0,0.5,200,0.9,0.05,2,5,0.992940,1.000000,0.014120,6365.40,1129403.60
tournament,two-point,swap,4,0,0.5,200,0.9,0.1,2,5,1.000000,1.000000,0.000000,6317.60,1126859.20
tournament,uniform,bit-flip,0,0,0.5,200,0.9,0.01,2,5,0.968050,0.978934,0.009769,219.60,43503.80
tournament,uniform,bit-flip,4,0,0.5,200,0.9,0.01,2,5,1.000000,1.000000,0.000000,223.60,43466.40
tournament,uniform,bit-flip,4,0,0.5,200,0.9,0.05,2,5,0.709153,0.710733,0.001189,218.00,42928.00
tournament,uniform,bit-flip,4,0,0.5,200,0.9,0.1,2,5,0.677385,0.681781,0.002871,286.00,56256.00
tournament,uniform,bit-flip,4,0,0.5,200,0.9,0.2,2,5,0.656723,0.658326,0.000885,282.80,55628.80
