run,problem,pop,pc,pm,seconds,fitness,instance,generations,evaluations,seed,selection,crossover,mutation,elitism,pinv,uniform_swap
1,knap,200,0.9,0.01,2,1,instances_01_KP/large_scale/knapPI_2_200_1000_1,315,61109,,tournament,two-point,bit-flip,4,0,0.5
2,knap,200,0.9,0.01,2,1,instances_01_KP/large_scale/knapPI_2_200_1000_1,322,62470,,tournament,two-point,bit-flip,4,0,0.5
3,knap,200,0.9,0.01,2,1,instances_01_KP/large_scale/knapPI_2_200_1000_1,321,62259,,tournament,two-point,bit-flip,4,0,0.5
4,knap,200,0.9,0.01,2,0.998919,instances_01_KP/large_scale/knapPI_2_200_1000_1,321,62279,,tournament,two-point,bit-flip,4,0,0.5
5,knap,200,0.9,0.01,2,1,instances_01_KP/large_scale/knapPI_2_200_1000_1,320,62106,,tournament,two-point,bit-flip,4,0,0.5
6,knap,200,0.9,0.01,2,0.925921,instances_01_KP/large_scale/knapPI_2_200_1000_1,320,62070,,random-two,two-point,bit-flip,4,0,0.5
7,knap,200,0.9,0.01,2,0.920404,instances_01_KP/large_scale/knapPI_2_200_1000_1,320,62094,,random-two,two-point,bit-flip,4,0,0.5
8,knap,200,0.9,0.01,2,0.931042,instances_01_KP/large_scale/knapPI_2_200_1000_1,320,62057,,random-two,two-point,bit-flip,4,0,0.5
9,knap,200,0.9,0.01,2,0.881625,instances_01_KP/large_scale/knapPI_2_200_1000_1,318,61679,,random-two,two-point,bit-flip,4,0,0.5
10,knap,200,0.9,0.01,2,0.944167,instances_01_KP/large_scale/knapPI_2_200_1000_1,320,62052,,random-two,two-point,bit-flip,4,0,0.5
11,knap,200,0.9,0.01,2,0.688164,instances_01_KP/large_scale/knapPI_2_200_1000_1,274,53277,,roulette,two-point,bit-flip,4,0,0.5
12,knap,200,0.9,0.01,2,0.697453,instances_01_KP/large_scale/knapPI_2_200_1000_1,275,53436,,roulette,two-point,bit-flip,4,0,0.5
13,knap,200,0.9,0.01,2,0.688786,instances_01_KP/large_scale/knapPI_2_200_1000_1,274,53195,,roulette,two-point,bit-flip,4,0,0.5
14,knap,200,0.9,0.01,2,0.694418,instances_01_KP/large_scale/knapPI_2_200_1000_1,274,53146,,roulette,two-point,bit-flip,4,0,0.5
15,knap,200,0.9,0.01,2,0.689569,instances_01_KP/large_scale/knapPI_2_200_1000_1,275,53385,,roulette,two-point,bit-flip,4,0,0.5
16,knap,200,0.9,0.01,2,0.965279,instances_01_KP/large_scale/knapPI_2_200_1000_1,316,62535,,tournament,two-point,bit-flip,0,0,0.5
17,knap,200,0.9,0.01,2,0.950769,instances_01_KP/large_scale/knapPI_2_200_1000_1,316,62515,,tournament,two-point,bit-flip,0,0,0.5
18,knap,200,0.9,0.01,2,0.935559,instances_01_KP/large_scale/knapPI_2_200_1000_1,316,62559,,tournament,two-point,bit-flip,0,0,0.5
19,knap,200,0.9,0.01,2,0.957545,instances_01_KP/large_scale/knapPI_2_200_1000_1,315,62373,,tournament,two-point,bit-flip,0,0,0.5
20,knap,200,0.9,0.01,2,0.944932,instances_01_KP/large_scale/knapPI_2_200_1000_1,316,62544,,tournament,two-point,bit-flip,0,0,0.5
21,knap,200,0.9,0.01,2,0.782128,instances_01_KP/large_scale/knapPI_2_200_1000_1,312,61724,,random-two,two-point,bit-flip,0,0,0.5
22,knap,200,0.9,0.01,2,0.78517,instances_01_KP/large_scale/knapPI_2_200_1000_1,312,61757,,random-two,two-point,bit-flip,0,0,0.5
23,knap,200,0.9,0.01,2,0.770302,instances_01_KP/large_scale/knapPI_2_200_1000_1,312,61742,,random-two,two-point,bit-flip,0,0,0.5
24,knap,200,0.9,0.01,2,0.783953,instances_01_KP/large_scale/knapPI_2_200_1000_1,313,61972,,random-two,two-point,bit-flip,0,0,0.5
25,knap,200,0.9,0.01,2,0.776891,instances_01_KP/large_scale/knapPI_2_200_1000_1,313,61995,,random-two,two-point,bit-flip,0,0,0.5
26,knap,200,0.9,0.01,2,0.647294,instances_01_KP/large_scale/knapPI_2_200_1000_1,267,52849,,roulette,two-point,bit-flip,0,0,0.5
27,knap,200,0.9,0.01,2,0.652247,instances_01_KP/large_scale/knapPI_2_200_1000_1,269,53261,,roulette,two-point,bit-flip,0,0,0.5
28,knap,200,0.9,0.01,2,0.648041,instances_01_KP/large_scale/knapPI_2_200_1000_1,269,53293,,roulette,two-point,bit-flip,0,0,0.5
29,knap,200,0.9,0.01,2,0.649326,instances_01_KP/large_scale/knapPI_2_200_1000_1,269,53253,,roulette,two-point,bit-flip,0,0,0.5
30,knap,200,0.9,0.01,2,0.646088,instances_01_KP/large_scale/knapPI_2_200_1000_1,270,53457,,roulette,two-point,bit-flip,0,0,0.5
31,knap,200,0.9,0.01,2,0.893635,instances_01_KP/large_scale/knapPI_2_200_1000_1,313,61944,,tournament,one-point,bit-flip,0,0,0.5
32,knap,200,0.9,0.01,2,0.928802,instances_01_KP/large_scale/knapPI_2_200_1000_1,314,62160,,tournament,one-point,bit-flip,0,0,0.5
33,knap,200,0.9,0.01,2,0.926094,instances_01_KP/large_scale/knapPI_2_200_1000_1,315,62381,,tournament,one-point,bit-flip,0,0,0.5
34,knap,200,0.9,0.01,2,0.918153,instances_01_KP/large_scale/knapPI_2_200_1000_1,314,62156,,tournament,one-point,bit-flip,0,0,0.5
35,knap,200,0.9,0.01,2,0.923664,instances_01_KP/large_scale/knapPI_2_200_1000_1,315,62334,,tournament,one-point,bit-flip,0,0,0.5
36,knap,200,0.9,0.01,2,0.914105,instances_01_KP/large_scale/knapPI_2_200_1000_1,317,62685,,tournament,two-point,bit-flip,0,0,0.5
37,knap,200,0.9,0.01,2,0.936302,instances_01_KP/large_scale/knapPI_2_200_1000_1,316,62556,,tournament,two-point,bit-flip,0,0,0.5
38,knap,200,0.9,0.01,2,0.93251,instances_01_KP/large_scale/knapPI_2_200_1000_1,316,62574,,tournament,two-point,bit-flip,0,0,0.5
39,knap,200,0.9,0.01,2,0.947494,instances_01_KP/large_scale/knapPI_2_200_1000_1,316,62586,,tournament,two-point,bit-flip,0,0,0.5
40,knap,200,0.9,0.01,2,0.950812,instances_01_KP/large_scale/knapPI_2_200_1000_1,317,62831,,tournament,two-point,bit-flip,0,0,0.5
41,knap,200,0.9,0.01,2,0.97801,instances_01_KP/large_scale/knapPI_2_200_1000_1,220,43562,,tournament,uniform,bit-flip,0,0,0.5
42,knap,200,0.9,0.01,2,0.968745,instances_01_KP/large_scale/knapPI_2_200_1000_1,220,43598,,tournament,uniform,bit-flip,0,0,0.5
43,knap,200,0.9,0.01,2,0.978934,instances_01_KP/large_scale/knapPI_2_200_1000_1,220,43582,,tournament,uniform,bit-flip,0,0,0.5
44,knap,200,0.9,0.01,2,0.96096,instances_01_KP/large_scale/knapPI_2_200_1000_1,219,43392,,tournament,uniform,bit-flip,0,0,0.5
45,knap,200,0.9,0.01,2,0.953603,instances_01_KP/large_scale/knapPI_2_200_1000_1,219,43385,,tournament,uniform,bit-flip,0,0,0.5
46,knap,200,0.9,0.01,2,1,instances_01_KP/large_scale/knapPI_2_200_1000_1,320,62135,,tournament,one-point,bit-flip,4,0,0.5
47,knap,200,0.9,0.01,2,1,instances_01_KP/large_scale/knapPI_2_200_1000_1,320,62086,,tournament,one-point,bit-flip,4,0,0.5
48,knap,200,0.9,0.01,2,0.997307,instances_01_KP/large_scale/knapPI_2_200_1000_1,320,62171,,tournament,one-point,bit-flip,4,0,0.5
49,knap,200,0.9,0.01,2,1,instances_01_KP/large_scale/knapPI_2_200_1000_1,320,62059,,tournament,one-point,bit-flip,4,0,0.5
50,knap,200,0.9,0.01,2,1,instances_01_KP/large_scale/knapPI_2_200_1000_1,320,62097,,tournament,one-point,bit-flip,4,0,0.5
51,knap,200,0.9,0.01,2,1,instances_01_KP/large_scale/knapPI_2_200_1000_1,322,62472,,tournament,two-point,bit-flip,4,0,0.5
52,knap,200,0.9,0.01,2,0.996376,instances_01_KP/large_scale/knapPI_2_200_1000_1,322,62460,,tournament,two-point,bit-flip,4,0,0.5
53,knap,200,0.9,0.01,2,1,instances_01_KP/large_scale/knapPI_2_200_1000_1,322,62475,,tournament,two-point,bit-flip,4,0,0.5
54,knap,200,0.9,0.01,2,1,instances_01_KP/large_scale/knapPI_2_200_1000_1,319,61889,,tournament,two-point,bit-flip,4,0,0.5
55,knap,200,0.9,0.01,2,1,instances_01_KP/large_scale/knapPI_2_200_1000_1,321,62261,,tournament,two-point,bit-flip,4,0,0.5
56,knap,200,0.9,0.01,2,1,instances_01_KP/large_scale/knapPI_2_200_1000_1,223,43368,,tournament,uniform,bit-flip,4,0,0.5
57,knap,200,0.9,0.01,2,1,instances_01_KP/large_scale/knapPI_2_200_1000_1,224,43537,,tournament,uniform,bit-flip,4,0,0.5
58,knap,200,0.9,0.01,2,1,instances_01_KP/large_scale/knapPI_2_200_1000_1,224,43529,,tournament,uniform,bit-flip,4,0,0.5
59,knap,200,0.9,0.01,2,1,instances_01_KP/large_scale/knapPI_2_200_1000_1,223,43387,,tournament,uniform,bit-flip,4,0,0.5
60,knap,200,0.9,0.01,2,1,instances_01_KP/large_scale/knapPI_2_200_1000_1,224,43511,,tournament,uniform,bit-flip,4,0,0.5
61,knap,200,0.9,0.01,2,0.913569,instances_01_KP/large_scale/knapPI_2_200_1000_1,318,61735,,random-two,one-point,bit-flip,4,0,0.5
62,knap,200,0.9,0.01,2,0.906726,instances_01_KP/large_scale/knapPI_2_200_1000_1,318,61711,,random-two,one-point,bit-flip,4,0,0.5
63,knap,200,0.9,0.01,2,0.895532,instances_01_KP/large_scale/knapPI_2_200_1000_1,318,61655,,random-two,one-point,bit-flip,4,0,0.5
64,knap,200,0.9,0.01,2,0.904958,instances_01_KP/large_scale/knapPI_2_200_1000_1,317,61553,,random-two,one-point,bit-flip,4,0,0.5
65,knap,200,0.9,0.01,2,0.902582,instances_01_KP/large_scale/knapPI_2_200_1000_1,318,61729,,random-two,one-point,bit-flip,4,0,0.5
66,knap,200,0.9,0.01,2,0.875027,instances_01_KP/large_scale/knapPI_2_200_1000_1,222,43116,,random-two,uniform,bit-flip,4,0,0.5
67,knap,200,0.9,0.01,2,0.882366,instances_01_KP/large_scale/knapPI_2_200_1000_1,222,43145,,random-two,uniform,bit-flip,4,0,0.5
68,knap,200,0.9,0.01,2,0.856886,instances_01_KP/large_scale/knapPI_2_200_1000_1,222,43119,,random-two,uniform,bit-flip,4,0,0.5
69,knap,200,0.9,0.01,2,0.892875,instances_01_KP/large_scale/knapPI_2_200_1000_1,221,42957,,random-two,uniform,bit-flip,4,0,0.5
70,knap,200,0.9,0.01,2,0.856524,instances_01_KP/large_scale/knapPI_2_200_1000_1,223,43321,,random-two,uniform,bit-flip,4,0,0.5
71,knap,200,0.9,0.01,2,0.698305,instances_01_KP/large_scale/knapPI_2_200_1000_1,274,53154,,roulette,one-point,bit-flip,4,0,0.5
72,knap,200,0.9,0.01,2,0.691273,instances_01_KP/large_scale/knapPI_2_200_1000_1,272,52804,,roulette,one-point,bit-flip,4,0,0.5
73,knap,200,0.9,0.01,2,0.695501,instances_01_KP/large_scale/knapPI_2_200_1000_1,273,53011,,roulette,one-point,bit-flip,4,0,0.5
74,knap,200,0.9,0.01,2,0.696057,instances_01_KP/large_scale/knapPI_2_200_1000_1,273,52981,,roulette,one-point,bit-flip,4,0,0.5
75,knap,200,0.9,0.01,2,0.683059,instances_01_KP/large_scale/knapPI_2_200_1000_1,273,52987,,roulette,one-point,bit-flip,4,0,0.5
76,knap,200,0.9,0.01,2,0.675521,instances_01_KP/large_scale/knapPI_2_200_1000_1,200,38886,,roulette,uniform,bit-flip,4,0,0.5
77,knap,200,0.9,0.01,2,0.672488,instances_01_KP/large_scale/knapPI_2_200_1000_1,199,38649,,roulette,uniform,bit-flip,4,0,0.5
78,knap,200,0.9,0.01,2,0.670457,instances_01_KP/large_scale/knapPI_2_200_1000_1,199,38716,,roulette,uniform,bit-flip,4,0,0.5
79,knap,200,0.9,0.01,2,0.672748,instances_01_KP/large_scale/knapPI_2_200_1000_1,197,38282,,roulette,uniform,bit-flip,4,0,0.5
80,knap,200,0.9,0.01,2,0.672185,instances_01_KP/large_scale/knapPI_2_200_1000_1,200,38871,,roulette,uniform,bit-flip,4,0,0.5
81,knap,200,0.9,0.01,2,1,instances_01_KP/large_scale/knapPI_2_200_1000_1,322,62490,,tournament,two-point,bit-flip,4,0,0.5
82,knap,200,0.9,0.01,2,1,instances_01_KP/large_scale/knapPI_2_200_1000_1,321,62259,,tournament,two-point,bit-flip,4,0,0.5
83,knap,200,0.9,0.01,2,1,instances_01_KP/large_scale/knapPI_2_200_1000_1,321,62308,,tournament,two-point,bit-flip,4,0,0.5
84,knap,200,0.9,0.01,2,0.998492,instances_01_KP/large_scale/knapPI_2_200_1000_1,322,62457,,tournament,two-point,bit-flip,4,0,0.5
85,knap,200,0.9,0.01,2,1,instances_01_KP/large_scale/knapPI_2_200_1000_1,322,62479,,tournament,two-point,bit-flip,4,0,0.5
86,knap,200,0.9,0.05,2,0.964701,instances_01_KP/large_scale/knapPI_2_200_1000_1,6257,1109819,,tournament,two-point,swap,4,0,0.5
87,knap,200,0.9,0.05,2,1,instances_01_KP/large_scale/knapPI_2_200_1000_1,6409,1137300,,tournament,two-point,swap,4,0,0.5
88,knap,200,0.9,0.05,2,1,instances_01_KP/large_scale/knapPI_2_200_1000_1,6306,1119018,,tournament,two-point,swap,4,0,0.5
89,knap,200,0.9,0.05,2,1,instances_01_KP/large_scale/knapPI_2_200_1000_1,6398,1134995,,tournament,two-point,swap,4,0,0.5
90,knap,200,0.9,0.05,2,1,instances_01_KP/large_scale/knapPI_2_200_1000_1,6457,1145886,,tournament,two-point,swap,4,0,0.5
91,knap,200,0.9,0.1,2,1,instances_01_KP/large_scale/knapPI_2_200_1000_1,6404,1141946,,tournament,two-point,swap,4,0,0.5
92,knap,200,0.9,0.1,2,1,instances_01_KP/large_scale/knapPI_2_200_1000_1,6184,1103045,,tournament,two-point,swap,4,0,0.5
93,knap,200,0.9,0.1,2,1,instances_01_KP/large_scale/knapPI_2_200_1000_1,6265,1118035,,tournament,two-point,swap,4,0,0.5
94,knap,200,0.9,0.1,2,1,instances_01_KP/large_scale/knapPI_2_200_1000_1,6346,1131563,,tournament,two-point,swap,4,0,0.5
95,knap,200,0.9,0.1,2,1,instances_01_KP/large_scale/knapPI_2_200_1000_1,6389,1139707,,tournament,two-point,swap,4,0,0.5
96,knap,200,0.9,0.1,2,0.988512,instances_01_KP/large_scale/knapPI_2_200_1000_1,5193,925449,,tournament,two-point,scramble,4,0,0.5
97,knap,200,0.9,0.1,2,0.949367,instances_01_KP/large_scale/knapPI_2_200_1000_1,5077,905418,,tournament,two-point,scramble,4,0,0.5
98,knap,200,0.9,0.1,2,0.866501,instances_01_KP/large_scale/knapPI_2_200_1000_1,5038,898390,,tournament,two-point,scramble,4,0,0.5
99,knap,200,0.9,0.1,2,0.876422,instances_01_KP/large_scale/knapPI_2_200_1000_1,5067,903307,,tournament,two-point,scramble,4,0,0.5
100,knap,200,0.9,0.1,2,0.845198,instances_01_KP/large_scale/knapPI_2_200_1000_1,4941,880157,,tournament,two-point,scramble,4,0,0.5
101,knap,200,0.9,0.2,2,0.996775,instances_01_KP/large_scale/knapPI_2_200_1000_1,4564,823094,,tournament,two-point,scramble,4,0,0.5
102,knap,200,0.9,0.2,2,1,instances_01_KP/large_scale/knapPI_2_200_1000_1,4521,814952,,tournament,two-point,scramble,4,0,0.5
103,knap,200,0.9,0.2,2,0.991475,instances_01_KP/large_scale/knapPI_2_200_1000_1,4523,816278,,tournament,two-point,scramble,4,0,0.5
104,knap,200,0.9,0.2,2,0.917265,instances_01_KP/large_scale/knapPI_2_200_1000_1,4429,799270,,tournament,two-point,scramble,4,0,0.5
105,knap,200,0.9,0.2,2,1,instances_01_KP/large_scale/knapPI_2_200_1000_1,4491,809812,,tournament,two-point,scramble,4,0,0.5
106,knap,200,0.9,0.01,2,0.88701,instances_01_KP/large_scale/knapPI_2_200_1000_1,5900,1042026,,tournament,two-point,swap,4,0,0.5
107,knap,200,0.9,0.01,2,0.973502,instances_01_KP/large_scale/knapPI_2_200_1000_1,6037,1066072,,tournament,two-point,swap,4,0,0.5
108,knap,200,0.9,0.01,2,0.97967,instances_01_KP/large_scale/knapPI_2_200_1000_1,6198,1093699,,tournament,two-point,swap,4,0,0.5
109,knap,200,0.9,0.01,2,0.910058,instances_01_KP/large_scale/knapPI_2_200_1000_1,6049,1068816,,tournament,two-point,swap,4,0,0.5
110,knap,200,0.9,0.01,2,0.880542,instances_01_KP/large_scale/knapPI_2_200_1000_1,5902,1042346,,tournament,two-point,swap,4,0,0.5
111,knap,200,0.9,0.01,2,0.783849,instances_01_KP/large_scale/knapPI_2_200_1000_1,5526,976077,,tournament,two-point,scramble,4,0,0.5
112,knap,200,0.9,0.01,2,0.743483,instances_01_KP/large_scale/knapPI_2_200_1000_1,5332,941483,,tournament,two-point,scramble,4,0,0.5
113,knap,200,0.9,0.01,2,0.756458,instances_01_KP/large_scale/knapPI_2_200_1000_1,5423,957685,,tournament,two-point,scramble,4,0,0.5
114,knap,200,0.9,0.01,2,0.827364,instances_01_KP/large_scale/knapPI_2_200_1000_1,5696,1005794,,tournament,two-point,scramble,4,0,0.5
115,knap,200,0.9,0.01,2,0.765286,instances_01_KP/large_scale/knapPI_2_200_1000_1,5501,971349,,tournament,two-point,scramble,4,0,0.5
116,knap,200,0.9,0.05,2,0.834534,instances_01_KP/large_scale/knapPI_2_200_1000_1,5467,970337,,tournament,two-point,scramble,4,0,0.5
117,knap,200,0.9,0.05,2,0.781329,instances_01_KP/large_scale/knapPI_2_200_1000_1,5186,919653,,tournament,two-point,scramble,4,0,0.5
118,knap,200,0.9,0.05,2,0.744237,instances_01_KP/large_scale/knapPI_2_200_1000_1,5071,899665,,tournament,two-point,scramble,4,0,0.5
119,knap,200,0.9,0.05,2,0.846613,instances_01_KP/large_scale/knapPI_2_200_1000_1,5457,967871,,tournament,two-point,scramble,4,0,0.5
120,knap,200,0.9,0.05,2,0.779678,instances_01_KP/large_scale/knapPI_2_200_1000_1,5095,904394,,tournament,two-point,scramble,4,0,0.5
121,knap,200,0.9,0.05,2,0.717922,instances_01_KP/large_scale/knapPI_2_200_1000_1,310,60959,,tournament,two-point,bit-flip,4,0,0.5
122,knap,200,0.9,0.05,2,0.708567,instances_01_KP/large_scale/knapPI_2_200_1000_1,308,60568,,tournament,two-point,bit-flip,4,0,0.5
123,knap,200,0.9,0.05,2,0.705453,instances_01_KP/large_scale/knapPI_2_200_1000_1,300,59000,,tournament,two-point,bit-flip,4,0,0.5
124,knap,200,0.9,0.05,2,0.711324,instances_01_KP/large_scale/knapPI_2_200_1000_1,309,60763,,tournament,two-point,bit-flip,4,0,0.5
125,knap,200,0.9,0.05,2,0.703968,instances_01_KP/large_scale/knapPI_2_200_1000_1,308,60568,,tournament,two-point,bit-flip,4,0,0.5
126,knap,200,0.9,0.1,2,0.67381,instances_01_KP/large_scale/knapPI_2_200_1000_1,303,59588,,tournament,two-point,bit-flip,4,0,0.5
127,knap,200,0.9,0.1,2,0.678387,instances_01_KP/large_scale/knapPI_2_200_1000_1,303,59588,,tournament,two-point,bit-flip,4,0,0.5
128,knap,200,0.9,0.1,2,0.676594,instances_01_KP/large_scale/knapPI_2_200_1000_1,303,59588,,tournament,two-point,bit-flip,4,0,0.5
129,knap,200,0.9,0.1,2,0.677754,instances_01_KP/large_scale/knapPI_2_200_1000_1,303,59588,,tournament,two-point,bit-flip,4,0,0.5
130,knap,200,0.9,0.1,2,0.676901,instances_01_KP/large_scale/knapPI_2_200_1000_1,302,59392,,tournament,two-point,bit-flip,4,0,0.5
131,knap,200,0.9,0.05,2,0.721984,instances_01_KP/large_scale/knapPI_2_200_1000_1,308,60568,,tournament,one-point,bit-flip,4,0,0.5
132,knap,200,0.9,0.05,2,0.711071,instances_01_KP/large_scale/knapPI_2_200_1000_1,305,59980,,tournament,one-point,bit-flip,4,0,0.5
133,knap,200,0.9,0.05,2,0.699778,instances_01_KP/large_scale/knapPI_2_200_1000_1,306,60175,,tournament,one-point,bit-flip,4,0,0.5
134,knap,200,0.9,0.05,2,0.701706,instances_01_KP/large_scale/knapPI_2_200_1000_1,307,60371,,tournament,one-point,bit-flip,4,0,0.5
135,knap,200,0.9,0.05,2,0.707645,instances_01_KP/large_scale/knapPI_2_200_1000_1,306,60176,,tournament,one-point,bit-flip,4,0,0.5
136,knap,200,0.9,0.05,2,0.710138,instances_01_KP/large_scale/knapPI_2_200_1000_1,308,60568,,tournament,two-point,bit-flip,4,0,0.5
137,knap,200,0.9,0.05,2,0.704451,instances_01_KP/large_scale/knapPI_2_200_1000_1,308,60568,,tournament,two-point,bit-flip,4,0,0.5
138,knap,200,0.9,0.05,2,0.719422,instances_01_KP/large_scale/knapPI_2_200_1000_1,310,60960,,tournament,two-point,bit-flip,4,0,0.5
139,knap,200,0.9,0.05,2,0.710291,instances_01_KP/large_scale/knapPI_2_200_1000_1,310,60960,,tournament,two-point,bit-flip,4,0,0.5
140,knap,200,0.9,0.05,2,0.714293,instances_01_KP/large_scale/knapPI_2_200_1000_1,309,60763,,tournament,two-point,bit-flip,4,0,0.5
141,knap,200,0.9,0.05,2,0.707379,instances_01_KP/large_scale/knapPI_2_200_1000_1,218,42928,,tournament,uniform,bit-flip,4,0,0.5
142,knap,200,0.9,0.05,2,0.710733,instances_01_KP/large_scale/knapPI_2_200_1000_1,218,42928,,tournament,uniform,bit-flip,4,0,0.5
143,knap,200,0.9,0.05,2,0.70877,instances_01_KP/large_scale/knapPI_2_200_1000_1,218,42928,,tournament,uniform,bit-flip,4,0,0.5
144,knap,200,0.9,0.05,2,0.710185,instances_01_KP/large_scale/knapPI_2_200_1000_1,218,42928,,tournament,uniform,bit-flip,4,0,0.5
145,knap,200,0.9,0.05,2,0.708697,instances_01_KP/large_scale/knapPI_2_200_1000_1,218,42928,,tournament,uniform,bit-flip,4,0,0.5
146,knap,200,0.9,0.05,2,0.683926,instances_01_KP/large_scale/knapPI_2_200_1000_1,306,60176,,random-two,one-point,bit-flip,4,0,0.5
147,knap,200,0.9,0.05,2,0.690097,instances_01_KP/large_scale/knapPI_2_200_1000_1,305,59979,,random-two,one-point,bit-flip,4,0,0.5
148,knap,200,0.9,0.05,2,0.686295,instances_01_KP/large_scale/knapPI_2_200_1000_1,305,59980,,random-two,one-point,bit-flip,4,0,0.5
149,knap,200,0.9,0.05,2,0.691776,instances_01_KP/large_scale/knapPI_2_200_1000_1,306,60176,,random-two,one-point,bit-flip,4,0,0.5
150,knap,200,0.9,0.05,2,0.688553,instances_01_KP/large_scale/knapPI_2_200_1000_1,305,59980,,random-two,one-point,bit-flip,4,0,0.5
151,knap,200,0.9,0.05,2,0.683808,instances_01_KP/large_scale/knapPI_2_200_1000_1,304,59784,,random-two,two-point,bit-flip,4,0,0.5
152,knap,200,0.9,0.05,2,0.687384,instances_01_KP/large_scale/knapPI_2_200_1000_1,307,60372,,random-two,two-point,bit-flip,4,0,0.5
153,knap,200,0.9,0.05,2,0.682794,instances_01_KP/large_scale/knapPI_2_200_1000_1,308,60568,,random-two,two-point,bit-flip,4,0,0.5
154,knap,200,0.9,0.05,2,0.692427,instances_01_KP/large_scale/knapPI_2_200_1000_1,307,60371,,random-two,two-point,bit-flip,4,0,0.5
155,knap,200,0.9,0.05,2,0.687786,instances_01_KP/large_scale/knapPI_2_200_1000_1,308,60568,,random-two,two-point,bit-flip,4,0,0.5
156,knap,200,0.9,0.05,2,0.679958,instances_01_KP/large_scale/knapPI_2_200_1000_1,216,42536,,random-two,uniform,bit-flip,4,0,0.5
157,knap,200,0.9,0.05,2,0.679004,instances_01_KP/large_scale/knapPI_2_200_1000_1,217,42732,,random-two,uniform,bit-flip,4,0,0.5
158,knap,200,0.9,0.05,2,0.685794,instances_01_KP/large_scale/knapPI_2_200_1000_1,216,42536,,random-two,uniform,bit-flip,4,0,0.5
159,knap,200,0.9,0.05,2,0.684828,instances_01_KP/large_scale/knapPI_2_200_1000_1,217,42732,,random-two,uniform,bit-flip,4,0,0.5
160,knap,200,0.9,0.05,2,0.679933,instances_01_KP/large_scale/knapPI_2_200_1000_1,216,42536,,random-two,uniform,bit-flip,4,0,0.5
161,knap,200,0.9,0.05,2,0.664947,instances_01_KP/large_scale/knapPI_2_200_1000_1,269,52923,,roulette,one-point,bit-flip,4,0,0.5
162,knap,200,0.9,0.05,2,0.663464,instances_01_KP/large_scale/knapPI_2_200_1000_1,270,53120,,roulette,one-point,bit-flip,4,0,0.5
163,knap,200,0.9,0.05,2,0.670401,instances_01_KP/large_scale/knapPI_2_200_1000_1,270,53120,,roulette,one-point,bit-flip,4,0,0.5
164,knap,200,0.9,0.05,2,0.665194,instances_01_KP/large_scale/knapPI_2_200_1000_1,270,53120,,roulette,one-point,bit-flip,4,0,0.5
165,knap,200,0.9,0.05,2,0.674253,instances_01_KP/large_scale/knapPI_2_200_1000_1,270,53120,,roulette,one-point,bit-flip,4,0,0.5
166,knap,200,0.9,0.05,2,0.676829,instances_01_KP/large_scale/knapPI_2_200_1000_1,272,53512,,roulette,two-point,bit-flip,4,0,0.5
167,knap,200,0.9,0.05,2,0.6666,instances_01_KP/large_scale/knapPI_2_200_1000_1,271,53316,,roulette,two-point,bit-flip,4,0,0.5
168,knap,200,0.9,0.05,2,0.673111,instances_01_KP/large_scale/knapPI_2_200_1000_1,270,53120,,roulette,two-point,bit-flip,4,0,0.5
169,knap,200,0.9,0.05,2,0.669367,instances_01_KP/large_scale/knapPI_2_200_1000_1,271,53316,,roulette,two-point,bit-flip,4,0,0.5
170,knap,200,0.9,0.05,2,0.663939,instances_01_KP/large_scale/knapPI_2_200_1000_1,271,53315,,roulette,two-point,bit-flip,4,0,0.5
171,knap,200,0.9,0.05,2,0.661709,instances_01_KP/large_scale/knapPI_2_200_1000_1,198,39008,,roulette,uniform,bit-flip,4,0,0.5
172,knap,200,0.9,0.05,2,0.657628,instances_01_KP/large_scale/knapPI_2_200_1000_1,198,39008,,roulette,uniform,bit-flip,4,0,0.5
173,knap,200,0.9,0.05,2,0.660649,instances_01_KP/large_scale/knapPI_2_200_1000_1,198,39008,,roulette,uniform,bit-flip,4,0,0.5
174,knap,200,0.9,0.05,2,0.659741,instances_01_KP/large_scale/knapPI_2_200_1000_1,198,39008,,roulette,uniform,bit-flip,4,0,0.5
175,knap,200,0.9,0.05,2,0.661762,instances_01_KP/large_scale/knapPI_2_200_1000_1,204,40184,,roulette,uniform,bit-flip,4,0,0.5
176,knap,200,0.9,0.1,2,0.67742,instances_01_KP/large_scale/knapPI_2_200_1000_1,371,72916,,tournament,one-point,bit-flip,4,0,0.5
177,knap,200,0.9,0.1,2,0.680019,instances_01_KP/large_scale/knapPI_2_200_1000_1,370,72720,,tournament,one-point,bit-flip,4,0,0.5
178,knap,200,0.9,0.1,2,0.677156,instances_01_KP/large_scale/knapPI_2_200_1000_1,399,78404,,tournament,one-point,bit-flip,4,0,0.5
179,knap,200,0.9,0.1,2,0.681507,instances_01_KP/large_scale/knapPI_2_200_1000_1,400,78600,,tournament,one-point,bit-flip,4,0,0.5
180,knap,200,0.9,0.1,2,0.677987,instances_01_KP/large_scale/knapPI_2_200_1000_1,400,78600,,tournament,one-point,bit-flip,4,0,0.5
181,knap,200,0.9,0.1,2,0.679927,instances_01_KP/large_scale/knapPI_2_200_1000_1,406,79776,,tournament,two-point,bit-flip,4,0,0.5
182,knap,200,0.9,0.1,2,0.682508,instances_01_KP/large_scale/knapPI_2_200_1000_1,404,79384,,tournament,two-point,bit-flip,4,0,0.5
183,knap,200,0.9,0.1,2,0.678748,instances_01_KP/large_scale/knapPI_2_200_1000_1,405,79580,,tournament,two-point,bit-flip,4,0,0.5
184,knap,200,0.9,0.1,2,0.682127,instances_01_KP/large_scale/knapPI_2_200_1000_1,405,79580,,tournament,two-point,bit-flip,4,0,0.5
185,knap,200,0.9,0.1,2,0.676452,instances_01_KP/large_scale/knapPI_2_200_1000_1,402,78992,,tournament,two-point,bit-flip,4,0,0.5
186,knap,200,0.9,0.1,2,0.681781,instances_01_KP/large_scale/knapPI_2_200_1000_1,286,56256,,tournament,uniform,bit-flip,4,0,0.5
187,knap,200,0.9,0.1,2,0.677167,instances_01_KP/large_scale/knapPI_2_200_1000_1,286,56256,,tournament,uniform,bit-flip,4,0,0.5
188,knap,200,0.9,0.1,2,0.676028,instances_01_KP/large_scale/knapPI_2_200_1000_1,284,55864,,tournament,uniform,bit-flip,4,0,0.5
189,knap,200,0.9,0.1,2,0.678807,instances_01_KP/large_scale/knapPI_2_200_1000_1,289,56844,,tournament,uniform,bit-flip,4,0,0.5
190,knap,200,0.9,0.1,2,0.673144,instances_01_KP/large_scale/knapPI_2_200_1000_1,285,56060,,tournament,uniform,bit-flip,4,0,0.5
191,knap,200,0.9,0.1,2,0.670284,instances_01_KP/large_scale/knapPI_2_200_1000_1,402,78992,,random-two,one-point,bit-flip,4,0,0.5
192,knap,200,0.9,0.1,2,0.671677,instances_01_KP/large_scale/knapPI_2_200_1000_1,402,78992,,random-two,one-point,bit-flip,4,0,0.5
193,knap,200,0.9,0.1,2,0.66706,instances_01_KP/large_scale/knapPI_2_200_1000_1,399,78404,,random-two,one-point,bit-flip,4,0,0.5
194,knap,200,0.9,0.1,2,0.674333,instances_01_KP/large_scale/knapPI_2_200_1000_1,400,78600,,random-two,one-point,bit-flip,4,0,0.5
195,knap,200,0.9,0.1,2,0.672455,instances_01_KP/large_scale/knapPI_2_200_1000_1,403,79188,,random-two,one-point,bit-flip,4,0,0.5
196,knap,200,0.9,0.1,2,0.673289,instances_01_KP/large_scale/knapPI_2_200_1000_1,408,80168,,random-two,two-point,bit-flip,4,0,0.5
197,knap,200,0.9,0.1,2,0.672748,instances_01_KP/large_scale/knapPI_2_200_1000_1,408,80168,,random-two,two-point,bit-flip,4,0,0.5
198,knap,200,0.9,0.1,2,0.669806,instances_01_KP/large_scale/knapPI_2_200_1000_1,402,78992,,random-two,two-point,bit-flip,4,0,0.5
199,knap,200,0.9,0.1,2,0.668514,instances_01_KP/large_scale/knapPI_2_200_1000_1,406,79776,,random-two,two-point,bit-flip,4,0,0.5
200,knap,200,0.9,0.1,2,0.673595,instances_01_KP/large_scale/knapPI_2_200_1000_1,401,78796,,random-two,two-point,bit-flip,4,0,0.5
201,knap,200,0.9,0.1,2,0.666106,instances_01_KP/large_scale/knapPI_2_200_1000_1,287,56452,,random-two,uniform,bit-flip,4,0,0.5
202,knap,200,0.9,0.1,2,0.666345,instances_01_KP/large_scale/knapPI_2_200_1000_1,286,56256,,random-two,uniform,bit-flip,4,0,0.5
203,knap,200,0.9,0.1,2,0.670357,instances_01_KP/large_scale/knapPI_2_200_1000_1,287,56452,,random-two,uniform,bit-flip,4,0,0.5
204,knap,200,0.9,0.1,2,0.669584,instances_01_KP/large_scale/knapPI_2_200_1000_1,287,56452,,random-two,uniform,bit-flip,4,0,0.5
205,knap,200,0.9,0.1,2,0.668633,instances_01_KP/large_scale/knapPI_2_200_1000_1,284,55864,,random-two,uniform,bit-flip,4,0,0.5
206,knap,200,0.9,0.1,2,0.669979,instances_01_KP/large_scale/knapPI_2_200_1000_1,358,70368,,roulette,one-point,bit-flip,4,0,0.5
207,knap,200,0.9,0.1,2,0.662559,instances_01_KP/large_scale/knapPI_2_200_1000_1,358,70368,,roulette,one-point,bit-flip,4,0,0.5
208,knap,200,0.9,0.1,2,0.657566,instances_01_KP/large_scale/knapPI_2_200_1000_1,354,69584,,roulette,one-point,bit-flip,4,0,0.5
209,knap,200,0.9,0.1,2,0.662269,instances_01_KP/large_scale/knapPI_2_200_1000_1,357,70172,,roulette,one-point,bit-flip,4,0,0.5
210,knap,200,0.9,0.1,2,0.655962,instances_01_KP/large_scale/knapPI_2_200_1000_1,356,69976,,roulette,one-point,bit-flip,4,0,0.5
211,knap,200,0.9,0.1,2,0.659613,instances_01_KP/large_scale/knapPI_2_200_1000_1,360,70760,,roulette,two-point,bit-flip,4,0,0.5
212,knap,200,0.9,0.1,2,0.661142,instances_01_KP/large_scale/knapPI_2_200_1000_1,359,70564,,roulette,two-point,bit-flip,4,0,0.5
213,knap,200,0.9,0.1,2,0.663001,instances_01_KP/large_scale/knapPI_2_200_1000_1,356,69976,,roulette,two-point,bit-flip,4,0,0.5
214,knap,200,0.9,0.1,2,0.664919,instances_01_KP/large_scale/knapPI_2_200_1000_1,360,70760,,roulette,two-point,bit-flip,4,0,0.5
215,knap,200,0.9,0.1,2,0.664332,instances_01_KP/large_scale/knapPI_2_200_1000_1,354,69584,,roulette,two-point,bit-flip,4,0,0.5
216,knap,200,0.9,0.1,2,0.657387,instances_01_KP/large_scale/knapPI_2_200_1000_1,262,51552,,roulette,uniform,bit-flip,4,0,0.5
217,knap,200,0.9,0.1,2,0.652815,instances_01_KP/large_scale/knapPI_2_200_1000_1,261,51356,,roulette,uniform,bit-flip,4,0,0.5
218,knap,200,0.9,0.1,2,0.653398,instances_01_KP/large_scale/knapPI_2_200_1000_1,261,51356,,roulette,uniform,bit-flip,4,0,0.5
219,knap,200,0.9,0.1,2,0.654158,instances_01_KP/large_scale/knapPI_2_200_1000_1,263,51748,,roulette,uniform,bit-flip,4,0,0.5
220,knap,200,0.9,0.1,2,0.654671,instances_01_KP/large_scale/knapPI_2_200_1000_1,262,51552,,roulette,uniform,bit-flip,4,0,0.5
221,knap,200,0.9,0.2,2,0.660902,instances_01_KP/large_scale/knapPI_2_200_1000_1,396,77816,,tournament,one-point,bit-flip,4,0,0.5
222,knap,200,0.9,0.2,2,0.661678,instances_01_KP/large_scale/knapPI_2_200_1000_1,396,77816,,tournament,one-point,bit-flip,4,0,0.5
223,knap,200,0.9,0.2,2,0.658562,instances_01_KP/large_scale/knapPI_2_200_1000_1,393,77228,,tournament,one-point,bit-flip,4,0,0.5
224,knap,200,0.9,0.2,2,0.660521,instances_01_KP/large_scale/knapPI_2_200_1000_1,396,77816,,tournament,one-point,bit-flip,4,0,0.5
225,knap,200,0.9,0.2,2,0.659938,instances_01_KP/large_scale/knapPI_2_200_1000_1,396,77816,,tournament,one-point,bit-flip,4,0,0.5
226,knap,200,0.9,0.2,2,0.662931,instances_01_KP/large_scale/knapPI_2_200_1000_1,401,78796,,tournament,two-point,bit-flip,4,0,0.5
227,knap,200,0.9,0.2,2,0.66059,instances_01_KP/large_scale/knapPI_2_200_1000_1,401,78796,,tournament,two-point,bit-flip,4,0,0.5
228,knap,200,0.9,0.2,2,0.659294,instances_01_KP/large_scale/knapPI_2_200_1000_1,390,76640,,tournament,two-point,bit-flip,4,0,0.5
229,knap,200,0.9,0.2,2,0.65858,instances_01_KP/large_scale/knapPI_2_200_1000_1,400,78600,,tournament,two-point,bit-flip,4,0,0.5
230,knap,200,0.9,0.2,2,0.660012,instances_01_KP/large_scale/knapPI_2_200_1000_1,395,77620,,tournament,two-point,bit-flip,4,0,0.5
231,knap,200,0.9,0.2,2,0.656779,instances_01_KP/large_scale/knapPI_2_200_1000_1,283,55668,,tournament,uniform,bit-flip,4,0,0.5
232,knap,200,0.9,0.2,2,0.655799,instances_01_KP/large_scale/knapPI_2_200_1000_1,284,55864,,tournament,uniform,bit-flip,4,0,0.5
233,knap,200,0.9,0.2,2,0.658326,instances_01_KP/large_scale/knapPI_2_200_1000_1,282,55472,,tournament,uniform,bit-flip,4,0,0.5
234,knap,200,0.9,0.2,2,0.656686,instances_01_KP/large_scale/knapPI_2_200_1000_1,283,55668,,tournament,uniform,bit-flip,4,0,0.5
235,knap,200,0.9,0.2,2,0.656023,instances_01_KP/large_scale/knapPI_2_200_1000_1,282,55472,,tournament,uniform,bit-flip,4,0,0.5
236,knap,200,0.9,0.2,2,0.655098,instances_01_KP/large_scale/knapPI_2_200_1000_1,395,77620,,random-two,one-point,bit-flip,4,0,0.5
237,knap,200,0.9,0.2,2,0.657,instances_01_KP/large_scale/knapPI_2_200_1000_1,395,77620,,random-two,one-point,bit-flip,4,0,0.5
238,knap,200,0.9,0.2,2,0.659169,instances_01_KP/large_scale/knapPI_2_200_1000_1,394,77424,,random-two,one-point,bit-flip,4,0,0.5
239,knap,200,0.9,0.2,2,0.656956,instances_01_KP/large_scale/knapPI_2_200_1000_1,397,78012,,random-two,one-point,bit-flip,4,0,0.5
240,knap,200,0.9,0.2,2,0.655346,instances_01_KP/large_scale/knapPI_2_200_1000_1,395,77620,,random-two,one-point,bit-flip,4,0,0.5
241,knap,200,0.9,0.2,2,0.656609,instances_01_KP/large_scale/knapPI_2_200_1000_1,395,77620,,random-two,two-point,bit-flip,4,0,0.5
242,knap,200,0.9,0.2,2,0.659109,instances_01_KP/large_scale/knapPI_2_200_1000_1,396,77816,,random-two,two-point,bit-flip,4,0,0.5
243,knap,200,0.9,0.2,2,0.657874,instances_01_KP/large_scale/knapPI_2_200_1000_1,398,78208,,random-two,two-point,bit-flip,4,0,0.5
244,knap,200,0.9,0.2,2,0.657658,instances_01_KP/large_scale/knapPI_2_200_1000_1,400,78600,,random-two,two-point,bit-flip,4,0,0.5
245,knap,200,0.9,0.2,2,0.657549,instances_01_KP/large_scale/knapPI_2_200_1000_1,399,78404,,random-two,two-point,bit-flip,4,0,0.5
246,knap,200,0.9,0.2,2,0.653091,instances_01_KP/large_scale/knapPI_2_200_1000_1,282,55472,,random-two,uniform,bit-flip,4,0,0.5
247,knap,200,0.9,0.2,2,0.654133,instances_01_KP/large_scale/knapPI_2_200_1000_1,285,56060,,random-two,uniform,bit-flip,4,0,0.5
248,knap,200,0.9,0.2,2,0.652032,instances_01_KP/large_scale/knapPI_2_200_1000_1,281,55276,,random-two,uniform,bit-flip,4,0,0.5
249,knap,200,0.9,0.2,2,0.659004,instances_01_KP/large_scale/knapPI_2_200_1000_1,283,55668,,random-two,uniform,bit-flip,4,0,0.5
250,knap,200,0.9,0.2,2,0.655548,instances_01_KP/large_scale/knapPI_2_200_1000_1,281,55276,,random-two,uniform,bit-flip,4,0,0.5
251,knap,200,0.9,0.2,2,0.648369,instances_01_KP/large_scale/knapPI_2_200_1000_1,350,68800,,roulette,one-point,bit-flip,4,0,0.5
252,knap,200,0.9,0.2,2,0.650731,instances_01_KP/large_scale/knapPI_2_200_1000_1,352,69192,,roulette,one-point,bit-flip,4,0,0.5
253,knap,200,0.9,0.2,2,0.653929,instances_01_KP/large_scale/knapPI_2_200_1000_1,345,67820,,roulette,one-point,bit-flip,4,0,0.5
254,knap,200,0.9,0.2,2,0.65266,instances_01_KP/large_scale/knapPI_2_200_1000_1,353,69388,,roulette,one-point,bit-flip,4,0,0.5
255,knap,200,0.9,0.2,2,0.648337,instances_01_KP/large_scale/knapPI_2_200_1000_1,354,69584,,roulette,one-point,bit-flip,4,0,0.5
256,knap,200,0.9,0.2,2,0.652606,instances_01_KP/large_scale/knapPI_2_200_1000_1,353,69388,,roulette,two-point,bit-flip,4,0,0.5
257,knap,200,0.9,0.2,2,0.653485,instances_01_KP/large_scale/knapPI_2_200_1000_1,355,69780,,roulette,two-point,bit-flip,4,0,0.5
258,knap,200,0.9,0.2,2,0.65466,instances_01_KP/large_scale/knapPI_2_200_1000_1,352,69192,,roulette,two-point,bit-flip,4,0,0.5
259,knap,200,0.9,0.2,2,0.652264,instances_01_KP/large_scale/knapPI_2_200_1000_1,354,69584,,roulette,two-point,bit-flip,4,0,0.5
260,knap,200,0.9,0.2,2,0.652404,instances_01_KP/large_scale/knapPI_2_200_1000_1,352,69192,,roulette,two-point,bit-flip,4,0,0.5
261,knap,200,0.9,0.2,2,0.651852,instances_01_KP/large_scale/knapPI_2_200_1000_1,259,50964,,roulette,uniform,bit-flip,4,0,0.5
262,knap,200,0.9,0.2,2,0.645815,instances_01_KP/large_scale/knapPI_2_200_1000_1,260,51160,,roulette,uniform,bit-flip,4,0,0.5
263,knap,200,0.9,0.2,2,0.65074,instances_01_KP/large_scale/knapPI_2_200_1000_1,259,50964,,roulette,uniform,bit-flip,4,0,0.5
264,knap,200,0.9,0.2,2,0.648345,instances_01_KP/large_scale/knapPI_2_200_1000_1,260,51160,,roulette,uniform,bit-flip,4,0,0.5
265,knap,200,0.9,0.2,2,0.649628,instances_01_KP/large_scale/knapPI_2_200_1000_1,260,51160,,roulette,uniform,bit-flip,4,0,0.5
266,knap,200,0.9,0.1,2,1,instances_01_KP/large_scale/knapPI_2_200_1000_1,6733,1218947,,random-two,two-point,scramble,2,0.05,0.4
267,knap,200,0.9,0.1,2,1,instances_01_KP/large_scale/knapPI_2_200_1000_1,6731,1218300,,random-two,two-point,scramble,2,0.05,0.4
268,knap,200,0.9,0.1,2,0.997466,instances_01_KP/large_scale/knapPI_2_200_1000_1,6689,1210943,,random-two,two-point,scramble,2,0.05,0.4
269,knap,200,0.9,0.1,2,1,instances_01_KP/large_scale/knapPI_2_200_1000_1,6694,1212122,,random-two,two-point,scramble,2,0.05,0.4
270,knap,200,0.9,0.1,2,1,instances_01_KP/large_scale/knapPI_2_200_1000_1,6827,1236831,,random-two,two-point,scramble,2,0.05,0.4
271,knap,200,0.9,0.2,2,1,instances_01_KP/large_scale/knapPI_2_200_1000_1,5878,1075652,,random-two,two-point,scramble,2,0.05,0.4
272,knap,200,0.9,0.2,2,1,instances_01_KP/large_scale/knapPI_2_200_1000_1,5922,1083450,,random-two,two-point,scramble,2,0.05,0.4
273,knap,200,0.9,0.2,2,1,instances_01_KP/large_scale/knapPI_2_200_1000_1,5875,1074911,,random-two,two-point,scramble,2,0.05,0.4
274,knap,200,0.9,0.2,2,0.991946,instances_01_KP/large_scale/knapPI_2_200_1000_1,5899,1080285,,random-two,two-point,scramble,2,0.05,0.4
275,knap,200,0.9,0.2,2,1,instances_01_KP/large_scale/knapPI_2_200_1000_1,5868,1073722,,random-two,two-point,scramble,2,0.05,0.4
276,knap,200,0.9,0.1,2,0.682374,instances_01_KP/large_scale/knapPI_2_200_1000_1,611,110838,,roulette,uniform,scramble,2,0.05,0.5
277,knap,200,0.9,0.1,2,0.664216,instances_01_KP/large_scale/knapPI_2_200_1000_1,612,111131,,roulette,uniform,scramble,2,0.05,0.5
278,knap,200,0.9,0.1,2,0.684942,instances_01_KP/large_scale/knapPI_2_200_1000_1,609,110515,,roulette,uniform,scramble,2,0.05,0.5
279,knap,200,0.9,0.1,2,0.678458,instances_01_KP/large_scale/knapPI_2_200_1000_1,616,112100,,roulette,uniform,scramble,2,0.05,0.5
280,knap,200,0.9,0.1,2,0.685508,instances_01_KP/large_scale/knapPI_2_200_1000_1,616,111751,,roulette,uniform,scramble,2,0.05,0.5
281,knap,200,0.9,0.1,2,0.996775,instances_01_KP/large_scale/knapPI_2_200_1000_1,7368,1327216,,random-two,two-point,scramble,2,0,0.4
282,knap,200,0.9,0.1,2,0.982478,instances_01_KP/large_scale/knapPI_2_200_1000_1,7605,1369753,,random-two,two-point,scramble,2,0,0.4
283,knap,200,0.9,0.1,2,0.983972,instances_01_KP/large_scale/knapPI_2_200_1000_1,7314,1318384,,random-two,two-point,scramble,2,0,0.4
284,knap,200,0.9,0.1,2,0.996775,instances_01_KP/large_scale/knapPI_2_200_1000_1,7505,1352319,,random-two,two-point,scramble,2,0,0.4
285,knap,200,0.9,0.1,2,1,instances_01_KP/large_scale/knapPI_2_200_1000_1,7163,1291157,,random-two,two-point,scramble,2,0,0.4
286,knap,200,0.9,0.2,2,1,instances_01_KP/large_scale/knapPI_2_200_1000_1,6503,1184345,,random-two,two-point,scramble,2,0,0.4
287,knap,200,0.9,0.2,2,1,instances_01_KP/large_scale/knapPI_2_200_1000_1,6546,1193081,,random-two,two-point,scramble,2,0,0.4
288,knap,200,0.9,0.2,2,1,instances_01_KP/large_scale/knapPI_2_200_1000_1,6456,1175842,,random-two,two-point,scramble,2,0,0.4
289,knap,200,0.9,0.2,2,0.968354,instances_01_KP/large_scale/knapPI_2_200_1000_1,6558,1194592,,random-two,two-point,scramble,2,0,0.4
290,knap,200,0.9,0.2,2,0.968354,instances_01_KP/large_scale/knapPI_2_200_1000_1,6516,1187038,,random-two,two-point,scramble,2,0,0.4
291,knap,200,0.9,0.1,2,0.689985,instances_01_KP/large_scale/knapPI_2_200_1000_1,622,112227,,roulette,uniform,scramble,2,0,0.5
292,knap,200,0.9,0.1,2,0.688616,instances_01_KP/large_scale/knapPI_2_200_1000_1,624,112604,,roulette,uniform,scramble,2,0,0.5
293,knap,200,0.9,0.1,2,0.694337,instances_01_KP/large_scale/knapPI_2_200_1000_1,620,111666,,roulette,uniform,scramble,2,0,0.5
294,knap,200,0.9,0.1,2,0.693824,instances_01_KP/large_scale/knapPI_2_200_1000_1,625,112618,,roulette,uniform,scramble,2,0,0.5
295,knap,200,0.9,0.1,2,0.675751,instances_01_KP/large_scale/knapPI_2_200_1000_1,617,111365,,roulette,uniform,scramble,2,0,0.5
296,knap,200,0.9,0.2,2,0.651692,instances_01_KP/large_scale/knapPI_2_200_1000_1,388,77800,,tournament,one-point,bit-flip,0,0,0.5
297,knap,200,0.9,0.2,2,0.651772,instances_01_KP/large_scale/knapPI_2_200_1000_1,389,78000,,tournament,one-point,bit-flip,0,0,0.5
298,knap,200,0.9,0.2,2,0.651998,instances_01_KP/large_scale/knapPI_2_200_1000_1,384,77000,,tournament,one-point,bit-flip,0,0,0.5
299,knap,200,0.9,0.2,2,0.652655,instances_01_KP/large_scale/knapPI_2_200_1000_1,388,77800,,tournament,one-point,bit-flip,0,0,0.5
300,knap,200,0.9,0.2,2,0.655441,instances_01_KP/large_scale/knapPI_2_200_1000_1,387,77600,,tournament,one-point,bit-flip,0,0,0.5
301,knap,200,0.9,0.2,2,0.654087,instances_01_KP/large_scale/knapPI_2_200_1000_1,389,78000,,tournament,two-point,bit-flip,0,0,0.5
302,knap,200,0.9,0.2,2,0.653091,instances_01_KP/large_scale/knapPI_2_200_1000_1,393,78800,,tournament,two-point,bit-flip,0,0,0.5
303,knap,200,0.9,0.2,2,0.651994,instances_01_KP/large_scale/knapPI_2_200_1000_1,389,78000,,tournament,two-point,bit-flip,0,0,0.5
304,knap,200,0.9,0.2,2,0.657835,instances_01_KP/large_scale/knapPI_2_200_1000_1,391,78400,,tournament,two-point,bit-flip,0,0,0.5
305,knap,200,0.9,0.2,2,0.653155,instances_01_KP/large_scale/knapPI_2_200_1000_1,391,78400,,tournament,two-point,bit-flip,0,0,0.5
306,knap,200,0.9,0.2,2,0.650895,instances_01_KP/large_scale/knapPI_2_200_1000_1,623,114813,,roulette,uniform,swap,0,0,0.5
307,knap,200,0.9,0.2,2,0.648263,instances_01_KP/large_scale/knapPI_2_200_1000_1,627,115743,,roulette,uniform,swap,0,0,0.5
308,knap,200,0.9,0.2,2,0.648386,instances_01_KP/large_scale/knapPI_2_200_1000_1,614,113174,,roulette,uniform,swap,0,0,0.5
309,knap,200,0.9,0.2,2,0.650542,instances_01_KP/large_scale/knapPI_2_200_1000_1,623,115001,,roulette,uniform,swap,0,0,0.5
310,knap,200,0.9,0.2,2,0.643397,instances_01_KP/large_scale/knapPI_2_200_1000_1,623,114878,,roulette,uniform,swap,0,0,0.5
